{
  "id": "major-ui-security-update",
  "title": "Major UI Refresh and Security Enhancements: March 2024 Update",
  "slug": "major-ui-security-update",
  "description": "Discover the latest improvements to Sree.shop including a stunning new interface, enhanced security, powerful new features, and exciting upcoming image models in our Beta program.",
  "category": "Updates",
  "icon": "Zap",
  "iconColor": "from-purple-500 to-violet-500",
  "publishedAt": "2024-03-18",
  "readTime": "8 min read",
  "subtitle": "A comprehensive overview of our March 2024 update featuring UI improvements, security enhancements, and new features"
}
