{
  "id": "api-services-downtime",
  "title": "API Services Downtime Update: March 25, 2025",
  "slug": "api-services-downtime",
  "description": "Important information about recent API service downtime, new communication channels, and instructions for creating beta API keys as services return online.",
  "category": "Updates",
  "icon": "AlertTriangle",
  "iconColor": "from-red-500 to-orange-500",
  "publishedAt": "2025-03-25",
  "readTime": "4 min read",
  "subtitle": "Updates on service status, new Telegram channel, and beta API key creation process"
}
